PRODUCT_ID,DATEJ,TYPE,PRIXMOY,IPMOY,NBNOUVEAUX,CLIENTS,PCTG
003411COBURG,17/02/2024,1P,15999,"102,3763036",0,15,0
003411COBURG,19/02/2024,1P,15999,"102,3763036",0,5,0
003411COBURG,20/02/2024,1P,15999,"102,3763036",0,5,0
003411COBURG,21/02/2024,1P,15999,"102,3763036",0,0,0
003411COBURG,22/02/2024,1P,15999,"102,3763036",0,5,0
003411COBURG,23/02/2024,1P,16999,"107,1384352",0,0,0
003411COBURG,24/02/2024,1P,16999,"107,1384352",0,5,0
003411COBURG,26/02/2024,1P,16999,"107,1384352",0,15,0
003411COBURG,27/02/2024,1P,16999,"102,2682849",0,30,0
003411COBURG,29/02/2024,1P,16999,"102,2682849",0,15,0
003411COBURG,01/03/2024,1P,17999,"106,8139461",0,5,0
003411COBURG,02/03/2024,1P,17999,"104,3752499",0,0,0
003411COBURG,03/03/2024,1P,17999,"104,3752499",0,20,0
003411COBURG,04/03/2024,1P,17999,"106,8090909",0,0,0
003411COBURG,05/03/2024,1P,17999,"106,8090909",0,5,0
003411COBURG,06/03/2024,1P,17999,"106,8090909",0,0,0
003411COBURG,07/03/2024,1P,17999,"104,3752499",0,0,0
003411COBURG,08/03/2024,1P,17999,"104,3752499",0,0,0
003411COBURG,09/03/2024,1P,17999,"104,3752499",0,20,0
003411COBURG,11/03/2024,1P,17999,"102,3521213",0,10,0
003411COBURG,12/03/2024,1P,17999,"107,8186657",0,5,0
003411COBURG,13/03/2024,1P,18499,"110,1128751",0,10,0
003411COBURG,14/03/2024,1P,17999,"102,1696596",0,0,0
003411COBURG,15/03/2024,1P,17999,"99,9957445",0,10,0
003411COBURG,16/03/2024,1P,17999,"102,1696596",0,5,0
003411COBURG,17/03/2024,1P,17999,"102,1696596",0,10,0
003411COBURG,18/03/2024,1P,17999,"102,1696596",0,5,0
003411COBURG,19/03/2024,1P,17999,"102,1696596",0,10,0
003411COBURG,20/03/2024,1P,17999,"102,1696596",0,15,0
003411COBURG,21/03/2024,1P,17999,"102,1696596",0,0,0
003411COBURG,22/03/2024,1P,17999,"102,1696596",0,5,0
003411COBURG,23/03/2024,1P,17999,"102,1696596",0,5,0
003411COBURG,24/03/2024,1P,17999,"102,1696596",0,0,0
003411COBURG,26/03/2024,1P,17999,"102,1696596",0,10,0
003411COBURG,27/03/2024,1P,17999,"102,1696596",0,10,0
003411COBURG,28/03/2024,1P,17999,"102,1696596",0,0,0
003411COBURG,29/03/2024,1P,17999,"102,1696596",0,20,0
003411COBURG,30/03/2024,1P,17999,"102,1696596",0,0,0
003411COBURG,31/03/2024,1P,17999,"102,1696596",0,10,0
003411COBURG,01/04/2024,1P,17999,"102,1696596",0,20,0
003411COBURG,02/04/2024,1P,17999,"102,1696596",0,0,0
003411COBURG,03/04/2024,1P,17999,"102,1696596",0,0,0
003411COBURG,04/04/2024,1P,17999,"102,1696596",0,0,0
003411COBURG,05/04/2024,1P,17999,"102,1696596",0,5,0
003411COBURG,06/04/2024,1P,17999,"102,1696596",0,10,0
003411COBURG,07/04/2024,1P,17999,"102,1696596",0,0,0
003411COBURG,08/04/2024,1P,17999,"102,1696596",0,0,0
003411COBURG,09/04/2024,1P,17999,"102,1696596",0,0,0
003411COBURG,10/04/2024,1P,17999,"102,1696596",0,0,0
003411COBURG,11/04/2024,1P,17999,"102,1696596",0,10,0
003411COBURG,12/04/2024,1P,17999,"102,1696596",0,0,0
003411COBURG,13/04/2024,1P,17999,"102,1696596",0,0,0
003411COBURG,14/04/2024,1P,17999,"102,1696596",0,0,0
003411COBURG,15/04/2024,1P,17999,"102,1696596",0,0,0
003411COBURG,16/04/2024,1P,17999,"102,1696596",0,0,0
016642F,17/02/2024,1P,45999,"98,07496298",0,5,0
016642F,28/03/2024,1P,47999,,0,0,0
016642F,29/03/2024,1P,47999,,0,0,0
016642F,30/03/2024,1P,47999,,0,0,0
016642F,31/03/2024,1P,47999,,0,0,0
016642F,01/04/2024,1P,47999,,0,0,0
016642F,02/04/2024,1P,47999,,0,0,0
016642F,03/04/2024,1P,47999,,0,0,0
016642F,04/04/2024,1P,47999,,0,0,0
016642F,09/04/2024,1P,47999,"101,9211908",0,0,0
016642F,10/04/2024,1P,44999,"96,15184907",0,0,0
016642F,11/04/2024,1P,44999,"96,15184907",0,0,0
016642F,12/04/2024,1P,44999,"96,15184907",0,0,0
016642F,13/04/2024,1P,44999,"96,15184907",0,0,0
016642F,14/04/2024,1P,44999,"96,15184907",0,0,0
016642F,15/04/2024,1P,44999,"96,15184907",0,0,0
016642F,16/04/2024,1P,44999,"96,15184907",0,0,0
016642F,17/04/2024,1P,48999,"103,8443047",0,5,0
0191ENFI,17/02/2024,1P,19999,"92,51478539",0,0,0
0191ENFI,18/02/2024,1P,19999,"91,54160982",0,10,0
0191ENFI,20/02/2024,1P,19999,"91,54160982",0,5,0
0191ENFI,21/02/2024,1P,20499,"93,33668414",0,5,0
0191ENFI,22/02/2024,1P,19999,"91,1163522",0,5,0
0191ENFI,23/02/2024,1P,19999,"91,1261213",0,0,0
0191ENFI,24/02/2024,1P,19999,"91,06428571",0,0,0
0191ENFI,25/02/2024,1P,19999,"91,06428571",0,10,0
0191ENFI,27/02/2024,1P,19999,"91,54160982",0,10,0
0191ENFI,29/02/2024,1P,19999,"91,54160982",0,10,0
0191ENFI,01/03/2024,1P,19999,"91,54160982",0,15,0
0191ENFI,02/03/2024,1P,19999,"91,54160982",0,5,0
0191ENFI,03/03/2024,1P,19999,"91,54160982",0,10,0
0191ENFI,04/03/2024,1P,19999,"91,54160982",0,20,0
0191ENFI,05/03/2024,1P,19999,"91,54160982",0,5,0
0191ENFI,06/03/2024,1P,19999,"91,54160982",0,10,0
0191ENFI,07/03/2024,1P,19999,"91,27617684",0,20,0
0191ENFI,08/03/2024,1P,19999,"91,27617684",0,35,0
0191ENFI,09/03/2024,1P,19999,"91,27617684",0,5,0
0191ENFI,10/03/2024,1P,19999,"91,27617684",0,5,0
0191ENFI,11/03/2024,1P,19999,"91,27617684",0,5,0
0191ENFI,12/03/2024,1P,19999,"91,08380367",0,0,0
0191ENFI,13/03/2024,1P,19999,"91,08380367",0,5,0
0191ENFI,14/03/2024,1P,19999,"91,08380367",0,5,0
0191ENFI,15/03/2024,1P,19999,"91,08380367",0,5,0
0191ENFI,16/03/2024,1P,19999,"90,66277912",0,5,0
0191ENFI,17/03/2024,1P,20499,"92,79034906",0,5,0
0191ENFI,18/03/2024,1P,20499,"92,85",0,0,0
0191ENFI,19/03/2024,1P,19999,"91,005782",0,0,0
0191ENFI,21/03/2024,1P,19999,"90,83395675",0,10,0
0191ENFI,22/03/2024,1P,19999,"90,90196078",0,5,0
0191ENFI,23/03/2024,1P,19999,"90,96357604",0,10,0
0191ENFI,24/03/2024,1P,19999,"91,02202549",0,5,0
0191ENFI,25/03/2024,1P,19999,"91,08705748",0,10,0
0191ENFI,26/03/2024,1P,19999,"91,14566577",0,0,0
0191ENFI,27/03/2024,1P,19999,"91,21087462",0,15,0
0191ENFI,28/03/2024,1P,19999,"91,27617684",0,5,0
0191ENFI,29/03/2024,1P,19999,"91,27617684",0,10,0
0191ENFI,30/03/2024,1P,21999,"98,4356542",0,5,0
0191ENFI,31/03/2024,1P,21999,"98,4356542",0,10,0
0191ENFI,01/04/2024,1P,21999,"98,4356542",0,10,0
0191ENFI,02/04/2024,1P,21999,"98,4356542",0,15,0
0191ENFI,03/04/2024,1P,21999,"98,4356542",0,10,0
0191ENFI,05/04/2024,1P,21999,"94,6477128",0,20,0
0191ENFI,06/04/2024,1P,21999,"94,6477128",0,0,0
0191ENFI,07/04/2024,1P,21999,"94,6477128",0,0,0
0191ENFI,08/04/2024,1P,21999,"94,6477128",0,0,0
0191ENFI,10/04/2024,1P,21999,"94,6477128",0,0,0
0191ENFI,11/04/2024,1P,21999,"94,6477128",0,0,0
0191ENFI,12/04/2024,1P,21999,"94,6477128",0,5,0
0191ENFI,13/04/2024,1P,21999,"93,13778621",0,0,0
0191ENFI,14/04/2024,1P,21999,"93,13778621",0,0,0
0191ENFI,15/04/2024,1P,21999,"93,13778621",0,0,0
0191ENFI,16/04/2024,1P,21999,"93,14094096",0,5,0
0191ENFI,17/04/2024,1P,21999,"93,13778621",0,0,0
0355E4PT,19/02/2024,1P,32999,,0,0,0
0355E4PT,20/02/2024,1P,34999,,0,0,0
0355E4PT,21/02/2024,1P,34999,,0,0,0
0355E4PT,22/02/2024,1P,34999,,0,0,0
0355E4PT,23/02/2024,1P,34999,,0,0,0
0355E4PT,24/02/2024,1P,34999,,0,0,0
0355E4PT,25/02/2024,1P,34999,,0,0,0
0355E4PT,26/02/2024,1P,34999,,0,0,0
0355E4PT,27/02/2024,1P,34999,,0,0,0
0355E4PT,28/02/2024,1P,35999,"74,67759563",0,0,0
0355E4PT,29/02/2024,1P,35999,"92,96809452",0,0,0
0355E4PT,01/03/2024,1P,34999,"92,74683486",0,0,0
0355E4PT,02/03/2024,1P,34999,"99,99749994",0,0,0
0355E4PT,03/03/2024,1P,34999,"99,99749994",0,0,0
0355E4PT,04/03/2024,1P,34999,"99,99749994",0,0,0
0355E4PT,05/03/2024,1P,34999,"99,99749994",0,0,0
0355E4PT,06/03/2024,1P,34999,"99,99749994",0,0,0
0355E4PT,07/03/2024,1P,34999,"99,99749994",0,0,0
0355E4PT,08/03/2024,1P,34999,"99,99749994",0,0,0
0355E4PT,09/03/2024,1P,34999,"99,99749994",0,5,0
0355E4PT,10/03/2024,1P,35999,"102,4975624",0,0,0
0355E4PT,11/03/2024,1P,35999,"102,4975624",0,0,0
0355E4PT,12/03/2024,1P,35999,"99,99756092",0,0,0
0355E4PT,13/03/2024,1P,35999,"99,99756092",0,0,0
0355E4PT,14/03/2024,1P,35999,"99,99756092",0,0,0
0355E4PT,15/03/2024,1P,35999,"99,99756092",0,0,0
0355E4PT,16/03/2024,1P,35999,"99,99756092",0,0,0
0355E4PT,17/03/2024,1P,35999,"99,99756092",0,0,0
0355E4PT,18/03/2024,1P,35999,"99,99756092",0,0,0
0355E4PT,19/03/2024,1P,35999,"99,99756092",0,0,0
0355E4PT,20/03/2024,1P,35999,"99,99756092",0,0,0
0355E4PT,21/03/2024,1P,35999,"99,99756092",0,0,0
0355E4PT,22/03/2024,1P,35999,"99,99756092",0,0,0
0355E4PT,23/03/2024,1P,35999,"99,99756092",0,5,0
0355E4PT,24/03/2024,1P,35999,"99,99756092",0,5,0
0355E4PT,25/03/2024,1P,35999,"99,99756092",0,0,0
0355E4PT,26/03/2024,1P,35999,"99,99756092",0,0,0
0355E4PT,27/03/2024,1P,35999,"99,99756092",0,5,0
0355E4PT,28/03/2024,1P,35999,"99,99756092",0,0,0
0355E4PT,29/03/2024,1P,35999,"99,99756092",0,0,0
0355E4PT,30/03/2024,1P,35999,"99,99756092",0,0,0
0355E4PT,31/03/2024,1P,35999,"99,99756092",0,0,0
0355E4PT,01/04/2024,1P,35999,"99,99756092",0,0,0
0355E4PT,02/04/2024,1P,35999,"99,99756092",0,0,0
0355E4PT,03/04/2024,1P,34999,"97,55847704",0,0,0
0355E4PT,04/04/2024,1P,34999,"99,99749994",0,0,0
0355E4PT,05/04/2024,1P,34999,"99,99749994",0,0,0
0355E4PT,06/04/2024,1P,34999,"99,99749994",0,0,0
0355E4PT,07/04/2024,1P,34999,"99,99749994",0,5,0
0355E4PT,08/04/2024,1P,34999,"99,99749994",0,0,0
0355E4PT,09/04/2024,1P,34999,"99,99749994",0,0,0
0355E4PT,10/04/2024,1P,34999,"99,99749994",0,0,0
0355E4PT,11/04/2024,1P,34999,"99,99749994",0,0,0
0355E4PT,12/04/2024,1P,34999,"99,99749994",0,0,0
0355E4PT,13/04/2024,1P,36999,"104,1953011",0,0,0
0355E4PT,14/04/2024,1P,36999,"104,1953011",0,0,0
0355E4PT,15/04/2024,1P,36999,"104,1953011",0,0,0
0355E4PT,16/04/2024,1P,36999,"100,5097523",0,0,0
0355E4PT,17/04/2024,1P,36999,"95,71539268",0,0,0
0397ENSE,17/02/2024,1P,53999,"98,06848404",0,5,0
0397ENSE,18/02/2024,1P,53999,"98,06848404",0,5,0
0397ENSE,19/02/2024,1P,53999,"98,06848404",0,0,0
0397ENSE,20/02/2024,1P,53999,"98,06848404",0,0,0
0397ENSE,21/02/2024,1P,52999,"96,40625",0,0,0
0397ENSE,22/02/2024,1P,52999,"96,40625",0,0,0
0397ENSE,23/02/2024,1P,52999,"96,40625",0,0,0
0397ENSE,24/02/2024,1P,51999,"94,74401596",0,10,0
0397ENSE,25/02/2024,1P,51999,"94,74401596",0,5,0
0397ENSE,26/02/2024,1P,51999,"94,74401596",0,0,0
0397ENSE,27/02/2024,1P,51999,"94,74401596",0,15,0
0397ENSE,28/02/2024,1P,51999,"94,74401596",0,0,0
0397ENSE,29/02/2024,1P,51999,"94,74401596",0,0,0
0397ENSE,01/03/2024,1P,51999,"94,74401596",0,0,0
0397ENSE,02/03/2024,1P,51999,"94,74401596",0,0,0
0397ENSE,03/03/2024,1P,51999,"94,74401596",0,5,0
0397ENSE,04/03/2024,1P,51999,"94,74401596",0,5,0
0397ENSE,05/03/2024,1P,51999,"94,74401596",0,0,0
0397ENSE,06/03/2024,1P,51999,"94,74401596",0,10,0
0397ENSE,08/03/2024,1P,49999,"91,41954787",0,5,0
0397ENSE,10/03/2024,1P,49999,"91,41954787",0,0,0
0397ENSE,11/03/2024,1P,49999,"91,41954787",0,5,0
0397ENSE,12/03/2024,1P,49999,"91,41954787",0,5,0
0397ENSE,13/03/2024,1P,49999,"91,41954787",0,15,0
0397ENSE,14/03/2024,1P,49999,"91,41954787",0,0,0
0397ENSE,15/03/2024,1P,49999,"91,41954787",0,5,0
0397ENSE,16/03/2024,1P,49999,"91,41954787",0,5,0
0397ENSE,17/03/2024,1P,49999,"91,41954787",0,0,0
0397ENSE,18/03/2024,1P,49999,"91,41954787",0,0,0
0397ENSE,20/03/2024,1P,49999,"91,29965637",0,0,0
0397ENSE,21/03/2024,1P,49999,"91,29965637",0,5,0
0397ENSE,22/03/2024,1P,49999,"91,29965637",0,0,0
0397ENSE,24/03/2024,1P,49999,"91,29965637",0,5,0
0397ENSE,25/03/2024,1P,49999,"91,29965637",0,5,0
0397ENSE,26/03/2024,1P,49999,"91,29965637",0,5,0
0397ENSE,27/03/2024,1P,49999,"91,29965637",0,5,0
0397ENSE,29/03/2024,1P,49999,"89,44800442",0,10,0
0397ENSE,30/03/2024,1P,49999,"89,44800442",0,0,0
0397ENSE,31/03/2024,1P,49999,"89,44800442",0,15,0
0397ENSE,01/04/2024,1P,49999,"89,44800442",0,10,0
0397ENSE,02/04/2024,1P,49999,"89,44800442",0,5,0
0397ENSE,03/04/2024,1P,49999,"89,44800442",0,0,0
0397ENSE,04/04/2024,1P,49999,"89,44800442",0,5,0
0397ENSE,05/04/2024,1P,49999,"89,44800442",0,0,0
0397ENSE,06/04/2024,1P,49999,"89,44800442",0,0,0
0397ENSE,07/04/2024,1P,49999,"89,44800442",0,10,0
0397ENSE,08/04/2024,1P,49999,"89,44800442",0,0,0
0397ENSE,10/04/2024,1P,49999,"89,44800442",0,5,0
0397ENSE,11/04/2024,1P,49999,"89,44800442",0,5,0
0397ENSE,12/04/2024,1P,44999,"81,31607195",0,5,0
0397ENSE,13/04/2024,1P,44999,"83,33972297",0,0,0
0397ENSE,14/04/2024,1P,44999,"85,46228399",0,0,0
0397ENSE,15/04/2024,1P,44999,"84,5303307",0,5,0
0397ENSE,16/04/2024,1P,49999,"93,46566287",0,10,0
0397ENSE,17/04/2024,1P,49999,"93,99278793",0,5,0
0397TABL,17/02/2024,1P,23499,"101,7795093",0,0,0
0397TABL,18/02/2024,1P,23499,"101,7759371",0,15,0
0397TABL,19/02/2024,1P,23499,"101,7759371",0,5,0
0397TABL,20/02/2024,1P,21999,"96,48759606",0,5,0
0397TABL,22/02/2024,1P,21999,"96,51130142",0,5,0
0397TABL,23/02/2024,1P,22999,"100,0210585",0,5,0
0397TABL,24/02/2024,1P,22999,"100,0210585",0,0,0
0397TABL,25/02/2024,1P,22999,"100,0210585",0,0,0
0397TABL,26/02/2024,1P,22999,"100,0210585",0,5,0
0397TABL,27/02/2024,1P,22999,"100,0210585",0,0,0
0397TABL,28/02/2024,1P,22999,"100,0210585",0,5,0
0397TABL,29/02/2024,1P,22999,"99,97895032",0,0,0
0397TABL,01/03/2024,1P,22999,"99,97895032",0,5,0
0397TABL,02/03/2024,1P,22999,"99,97895032",0,10,0
0397TABL,03/03/2024,1P,22999,"99,95790951",0,0,0
0397TABL,04/03/2024,1P,22999,"99,95790951",0,0,0
0397TABL,05/03/2024,1P,22999,"99,95790951",0,5,0
0397TABL,06/03/2024,1P,22999,"99,95790951",0,0,0
0397TABL,08/03/2024,1P,22999,"99,95790951",0,5,0
0397TABL,09/03/2024,1P,22999,"99,95790951",0,0,0
0397TABL,10/03/2024,1P,23499,"101,7116801",0,0,0
0397TABL,11/03/2024,1P,23499,"101,7116801",0,0,0
0397TABL,12/03/2024,1P,22999,"99,95790951",0,0,0
0397TABL,13/03/2024,1P,22999,"99,95440356",0,0,0
0397TABL,14/03/2024,1P,22999,"99,95790951",0,0,0
0397TABL,15/03/2024,1P,22999,"99,95790951",0,5,0
0397TABL,16/03/2024,1P,19999,"89,43528587",0,5,0
0397TABL,17/03/2024,1P,19999,"89,43528587",0,0,0
0397TABL,18/03/2024,1P,19999,"89,43528587",0,10,0
0397TABL,19/03/2024,1P,19999,"91,002534",0,0,0
0397TABL,20/03/2024,1P,19999,"91,002534",0,5,0
0397TABL,21/03/2024,1P,19999,"91,02852451",0,5,0
0397TABL,22/03/2024,1P,19999,"91,02852451",0,5,0
0397TABL,23/03/2024,1P,19999,"91,02852451",0,0,0
0397TABL,24/03/2024,1P,19999,"91,02852451",0,5,0
0397TABL,25/03/2024,1P,19999,"91,02852451",0,0,0
0397TABL,26/03/2024,1P,19999,"91,02852451",0,5,0
0397TABL,27/03/2024,1P,19999,"91,03502446",0,10,0
0397TABL,28/03/2024,1P,19999,"91,02852451",0,10,0
0397TABL,29/03/2024,1P,19999,"91,02852451",0,0,0
0397TABL,30/03/2024,1P,19999,"91,02852451",0,0,0
0397TABL,31/03/2024,1P,19999,"91,02852451",0,10,0
0397TABL,01/04/2024,1P,19999,"91,03502446",0,5,0
0397TABL,02/04/2024,1P,22999,"101,7386027",0,5,0
0397TABL,03/04/2024,1P,22999,"101,7386027",0,0,0
0397TABL,04/04/2024,1P,22999,"101,7386027",0,0,0
0397TABL,05/04/2024,1P,22999,"96,48237803",0,0,0
0397TABL,06/04/2024,1P,22999,"96,48237803",0,5,0
0397TABL,07/04/2024,1P,22999,"96,48237803",0,5,0
0397TABL,08/04/2024,1P,22999,"96,48237803",0,0,0
0397TABL,09/04/2024,1P,22999,"96,48237803",0,5,0
0397TABL,10/04/2024,1P,22999,"96,48237803",0,0,0
0397TABL,11/04/2024,1P,22999,"96,48237803",0,0,0
0397TABL,12/04/2024,1P,19999,"86,32562549",0,5,0
0397TABL,13/04/2024,1P,19999,"86,35486165",0,5,0
0397TABL,14/04/2024,1P,19999,"86,39875305",0,5,0
0397TABL,15/04/2024,1P,19999,"89,21623513",0,0,0
0397TABL,16/04/2024,1P,22999,"100,970805",0,5,0
0397TABL,17/04/2024,1P,22999,"100,970805",0,0,0
03K11743,17/02/2024,1P,13999,"86,7580315",0,0,0
03K11743,18/02/2024,1P,13999,"86,7580315",0,0,0
03K11743,19/02/2024,1P,13999,"86,7580315",0,5,0
03K11743,20/02/2024,1P,13999,"86,7580315",0,5,0
03K11743,21/02/2024,1P,13999,"86,7580315",0,5,0
03K11743,22/02/2024,1P,13999,"86,7580315",0,0,0
03K11743,23/02/2024,1P,13999,"86,7580315",0,5,0
03K11743,24/02/2024,1P,13999,"86,7580315",0,0,0
03K11743,25/02/2024,1P,13999,"86,7580315",0,0,0
03K11743,26/02/2024,1P,13999,"86,7580315",0,0,0
03K11743,27/02/2024,1P,13999,"86,7580315",0,5,0
03K11743,28/02/2024,1P,13999,"86,7580315",0,5,0
03K11743,29/02/2024,1P,13999,"86,7580315",0,5,0
03K11743,01/03/2024,1P,13999,"86,7580315",0,0,0
03K11743,02/03/2024,1P,14499,"88,9828246",0,0,0
03K11743,03/03/2024,1P,14499,"88,9828246",0,0,0
03K11743,04/03/2024,1P,14499,"88,9828246",0,5,0
03K11743,05/03/2024,1P,13999,"86,7580315",0,0,0
03K11743,06/03/2024,1P,13999,"86,7580315",0,5,0
03K11743,07/03/2024,1P,13999,"93,08698558",0,0,0
03K11743,08/03/2024,1P,13999,"98,24154784",0,0,0
03K11743,09/03/2024,1P,14999,"103,2800927",0,0,0
03K11743,10/03/2024,1P,14999,"103,2800927",0,0,0
03K11743,11/03/2024,1P,14999,"103,2800927",0,0,0
03K11743,12/03/2024,1P,14999,"102,4951248",0,0,0
03K11743,13/03/2024,1P,14999,"102,4951248",0,5,0
03K11743,14/03/2024,1P,14999,"102,4951248",0,0,0
03K11743,15/03/2024,1P,14999,"102,4951248",0,0,0
03K11743,16/03/2024,1P,14999,"102,4951248",0,0,0
03K11743,17/03/2024,1P,14999,"102,4951248",0,0,0
03K11743,18/03/2024,1P,14999,"102,4951248",0,0,0
03K11743,19/03/2024,1P,13999,"97,49487474",0,5,0
03K11743,20/03/2024,1P,13999,"97,49487474",0,0,0
03K11743,21/03/2024,1P,13999,"97,49974998",0,5,0
03K11743,22/03/2024,1P,13999,"97,49974998",0,0,0
03K11743,23/03/2024,1P,13999,"97,49974998",0,5,0
03K11743,24/03/2024,1P,13999,"97,49974998",0,0,0
03K11743,25/03/2024,1P,13999,"97,49974998",0,0,0
03K11743,26/03/2024,1P,13999,"97,49974998",0,0,0
03K11743,27/03/2024,1P,13999,"97,49974998",0,0,0
03K11743,28/03/2024,1P,13999,"97,49974998",0,0,0
03K11743,29/03/2024,1P,13999,"97,49974998",0,5,0
03K11743,30/03/2024,1P,13999,"97,49974998",0,0,0
03K11743,31/03/2024,1P,13999,"93,87126282",0,0,0
03K11743,01/04/2024,1P,13999,"93,87126282",0,0,0
03K11743,03/04/2024,1P,13999,"93,87126282",0,0,0
03K11743,04/04/2024,1P,13999,"93,87126282",0,0,0
03K11743,05/04/2024,1P,13999,"93,87126282",0,0,0
03K11743,06/04/2024,1P,13999,"93,87126282",0,5,0
03K11743,07/04/2024,1P,13999,"93,87126282",0,0,0
03K11743,08/04/2024,1P,13999,"93,87126282",0,10,0
03K11743,09/04/2024,1P,13999,"93,87126282",0,0,0
03K11743,10/04/2024,1P,13999,"93,87126282",0,10,0
03K11743,11/04/2024,1P,13999,"93,87126282",0,5,0
03K11743,12/04/2024,1P,13999,"98,1278309",0,0,0
03K11743,13/04/2024,1P,13999,"98,1278309",0,0,0
03K11743,14/04/2024,1P,13999,"98,1278309",0,10,0
03K11743,15/04/2024,1P,13999,"98,1278309",0,15,0
03K11743,16/04/2024,1P,13999,"98,1278309",0,0,0
03K11743,17/04/2024,1P,13999,"93,87126282",0,0,0
03K14743,17/02/2024,1P,29999,"101,425755",0,0,0
03K14743,18/02/2024,1P,29999,"101,425755",0,0,0
03K14743,19/02/2024,1P,29999,"101,425755",0,5,0
03K14743,20/02/2024,1P,29999,"101,425755",0,0,0
03K14743,21/02/2024,1P,29999,"101,425755",0,0,0
03K14743,22/02/2024,1P,29999,"101,425755",0,0,0
03K14743,23/02/2024,1P,29999,"101,425755",0,0,0
03K14743,24/02/2024,1P,29999,"101,425755",0,0,0
03K14743,25/02/2024,1P,29999,"101,425755",0,0,0
03K14743,26/02/2024,1P,29999,"101,425755",0,0,0
03K14743,27/02/2024,1P,26999,"92,85408155",0,0,0
03K14743,28/02/2024,1P,26999,"92,85408155",0,0,0
03K14743,29/02/2024,1P,26999,"101,5594237",0,0,0
03K14743,01/03/2024,1P,26999,"101,5594237",0,5,0
03K14743,02/03/2024,1P,26999,"101,5594237",0,0,0
03K14743,03/03/2024,1P,26999,"101,5594237",0,5,0
03K14743,04/03/2024,1P,26999,"101,5594237",0,5,0
03K14743,06/03/2024,1P,26999,"101,5594237",0,5,0
03K14743,07/03/2024,1P,26999,"101,5594237",0,5,0
03K14743,08/03/2024,1P,26999,"101,5594237",0,5,0
03K14743,09/03/2024,1P,26999,"101,5594237",0,0,0
03K14743,10/03/2024,1P,26999,"101,5594237",0,0,0
03K14743,11/03/2024,1P,26999,"101,5594237",0,10,0
03K14743,12/03/2024,1P,26999,"101,5594237",0,0,0
03K14743,13/03/2024,1P,26999,"101,5594237",0,0,0
03K14743,14/03/2024,1P,26999,"101,5594237",0,0,0
03K14743,15/03/2024,1P,26999,"101,5594237",0,10,0
03K14743,16/03/2024,1P,26999,"101,5594237",0,5,0
03K14743,17/03/2024,1P,26999,"101,5594237",0,0,0
03K14743,18/03/2024,1P,26999,"101,5594237",0,5,0
03K14743,20/03/2024,1P,26999,"101,5594237",0,0,0
03K14743,21/03/2024,1P,26999,"101,5594237",0,5,0
03K14743,22/03/2024,1P,26999,"101,5594237",0,5,0
03K14743,23/03/2024,1P,26999,"101,5594237",0,0,0
03K14743,24/03/2024,1P,26999,"101,5594237",0,5,0
03K14743,25/03/2024,1P,26999,"101,5594237",0,0,0
03K14743,26/03/2024,1P,26999,"101,5594237",0,0,0
03K14743,27/03/2024,1P,26999,"101,5594237",0,0,0
03K14743,28/03/2024,1P,26999,"101,5594237",0,20,0
03K14743,29/03/2024,1P,22999,"89,0590331",0,0,0
03K14743,30/03/2024,1P,22999,"89,0590331",0,10,0
03K14743,01/04/2024,1P,22999,"94,99966664",0,15,0
03K14743,02/04/2024,1P,22999,"94,99966664",0,5,0
03K14743,03/04/2024,1P,26999,"108,3338889",0,0,0
03K14743,04/04/2024,1P,28999,"105,2570557",0,0,0
03K14743,05/04/2024,1P,28999,"101,4676902",0,5,0
03K14743,06/04/2024,1P,28999,"101,4676902",0,5,0
03K14743,07/04/2024,1P,28999,"101,4676902",0,5,0
03K14743,08/04/2024,1P,28999,"101,4676902",0,0,0
03K14743,09/04/2024,1P,29999,"104,4089532",0,10,0
03K14743,10/04/2024,1P,29999,"101,425755",0,0,0
03K14743,11/04/2024,1P,29999,"101,425755",0,0,0
03K14743,12/04/2024,1P,28999,"98,56853053",0,5,0
03K14743,13/04/2024,1P,28999,"101,4676902",0,0,0
03K14743,14/04/2024,1P,28999,"101,4676902",0,0,0
03K14743,15/04/2024,1P,28999,"101,4676902",0,0,0
03K14743,16/04/2024,1P,28999,"101,4676902",0,0,0
03K14743,17/04/2024,1P,28999,"101,4676902",0,0,0
03K5384386,17/02/2024,1P,18999,"158,0618104",0,0,0
03K5384386,18/02/2024,1P,18999,"158,0618104",0,0,0
03K5384386,19/02/2024,1P,18999,"158,0618104",0,0,0
03K5384386,20/02/2024,1P,18999,"158,0618104",0,5,0
03K5384386,21/02/2024,1P,18999,"158,0618104",0,0,0
03K5384386,22/02/2024,1P,18999,"158,0618104",0,0,0
03K5384386,23/02/2024,1P,18999,"158,0618104",0,0,0
03K5384386,24/02/2024,1P,18999,"166,6643989",0,0,0
03K5384386,25/02/2024,1P,18999,"166,6643989",0,0,0
03K5384386,26/02/2024,1P,18999,"170,1368151",0,5,0
03K5384386,27/02/2024,1P,17999,"163,1918883",0,5,0
03K5384386,28/02/2024,1P,17999,"163,1918883",0,0,0
03K5384386,29/02/2024,1P,17999,"163,1918883",0,0,0
03K5384386,01/03/2024,1P,18499,"166,6643517",0,5,0
03K5384386,02/03/2024,1P,17999,"163,1918883",0,0,0
03K5384386,03/03/2024,1P,17999,"163,1918883",0,10,0
03K5384386,04/03/2024,1P,17999,"163,1918883",0,0,0
03K5384386,05/03/2024,1P,17999,"163,1918883",0,0,0
03K5384386,06/03/2024,1P,17999,"163,1918883",0,5,0
03K5384386,07/03/2024,1P,17999,"163,1918883",0,5,0
03K5384386,08/03/2024,1P,16999,"156,2469616",0,5,0
03K5384386,09/03/2024,1P,16999,"156,2469616",0,5,0
03K5384386,10/03/2024,1P,16999,"156,2469616",0,5,0
03K5384386,11/03/2024,1P,16999,"156,2469616",0,0,0
03K5384386,12/03/2024,1P,17999,"151,6097813",0,0,0
03K5384386,13/03/2024,1P,17999,"151,6097813",0,5,0
03K5384386,14/03/2024,1P,17999,"151,6097813",0,0,0
03K5384386,15/03/2024,1P,16999,"145,1577521",0,0,0
03K5384386,16/03/2024,1P,16999,"145,1577521",0,5,0
03K5384386,17/03/2024,1P,16999,"145,1577521",0,5,0
03K5384386,18/03/2024,1P,16999,"145,1577521",0,15,0
03K5384386,19/03/2024,1P,16999,"145,1577521",0,0,0
03K5384386,20/03/2024,1P,16999,"145,1577521",0,0,0
03K5384386,21/03/2024,1P,16999,"145,1577521",0,5,0
03K5384386,22/03/2024,1P,16999,"145,1577521",0,0,0
03K5384386,23/03/2024,1P,16999,"145,1577521",0,10,0
03K5384386,24/03/2024,1P,16999,"145,1577521",0,5,0
03K5384386,25/03/2024,1P,16999,"145,1577521",0,0,0
03K5384386,26/03/2024,1P,16999,"145,1577521",0,0,0
03K5384386,27/03/2024,1P,16999,"145,1577521",0,0,0
03K5384386,28/03/2024,1P,16999,"145,1577521",0,0,0
03K5384386,29/03/2024,1P,15999,"138,705723",0,0,0
03K5384386,30/03/2024,1P,15999,"138,705723",0,5,0
03K5384386,31/03/2024,1P,15999,"138,705723",0,0,0
03K5384386,02/04/2024,1P,15999,"138,705723",0,0,0
03K5384386,03/04/2024,1P,15999,"138,705723",0,0,0
03K5384386,04/04/2024,1P,15999,"138,705723",0,0,0
03K5384386,05/04/2024,1P,15999,"138,705723",0,5,0
03K5384386,06/04/2024,1P,15999,"149,3020349",0,0,0
03K5384386,07/04/2024,1P,15999,"149,3020349",0,0,0
03K5384386,08/04/2024,1P,15999,"149,3020349",0,0,0
03K5384386,09/04/2024,1P,15999,"149,3020349",0,5,0
03K5384386,10/04/2024,1P,15999,"149,3020349",0,0,0
03K5384386,11/04/2024,1P,15999,"149,3020349",0,0,0
03K5384386,12/04/2024,1P,15999,"149,3020349",0,5,0
03K5384386,13/04/2024,1P,15999,"149,3020349",0,0,0
03K5384386,14/04/2024,1P,15999,"149,3020349",0,5,0
03K5384386,15/04/2024,1P,15999,"149,3020349",0,5,0
03K5384386,16/04/2024,1P,15999,"149,3020349",0,5,0
03K5384386,17/04/2024,1P,15999,"149,3020349",0,15,0
03K5386486,17/02/2024,1P,17999,"151,6097813",0,0,0
03K5386486,18/02/2024,1P,17999,"151,6097813",0,0,0
03K5386486,19/02/2024,1P,17999,"151,6097813",0,0,0
03K5386486,20/02/2024,1P,17999,"151,6097813",0,5,0
03K5386486,21/02/2024,1P,17999,"151,6097813",0,0,0
03K5386486,22/02/2024,1P,17999,"151,6097813",0,5,0
03K5386486,23/02/2024,1P,17999,"151,6097813",0,0,0
03K5386486,24/02/2024,1P,17999,"159,861215",0,0,0
03K5386486,25/02/2024,1P,17999,"159,861215",0,5,0
03K5386486,26/02/2024,1P,17999,"163,1918883",0,5,0
03K5386486,27/02/2024,1P,17999,"163,1918883",0,10,0
03K5386486,28/02/2024,1P,17999,"163,1918883",0,0,0
03K5386486,29/02/2024,1P,17999,"163,1918883",0,0,0
03K5386486,01/03/2024,1P,17999,"163,1918883",0,10,0
03K5386486,02/03/2024,1P,18499,"166,6643517",0,0,0
03K5386486,03/03/2024,1P,18499,"166,6643517",0,5,0
03K5386486,04/03/2024,1P,18499,"166,6643517",0,5,0
03K5386486,05/03/2024,1P,18999,"170,1368151",0,0,0
03K5386486,06/03/2024,1P,18999,"170,1368151",0,0,0
03K5386486,07/03/2024,1P,18999,"170,1368151",0,5,0
03K5386486,08/03/2024,1P,18999,"170,1368151",0,5,0